{
    "rmse": 0.6304519114997675,
    "mae": 0.51235595897798,
    "r2": 0.3917887544361994
}